{
  "ai_facing": {
    "Anthropic MCP news": "https://www.anthropic.com/news/model-context-protocol",
    "llms.txt repo": "https://github.com/fireproof-storage/llms.txt"
  },
  "defensive_publishing": {
    "IP.com PAD intro": "https://kb.ip.com/pad/knowledge-base/introduction-to-defensive-publishing-and-the-prior-art-database-pad/"
  },
  "provenance": {
    "Certificate Transparency RFC 9162": "https://www.rfc-editor.org/rfc/rfc9162.html",
    "Reproducible Builds": "https://reproducible-builds.org/",
    "SLSA": "https://slsa.dev/",
    "Sigstore": "https://www.sigstore.dev/",
    "in-toto": "https://in-toto.io/"
  },
  "standards": {
    "DIF Presentation Exchange": "https://identity.foundation/presentation-exchange/",
    "IETF SD-JWT VC draft": "https://datatracker.ietf.org/doc/draft-ietf-oauth-sd-jwt-vc/",
    "MCP Spec": "https://modelcontextprotocol.io/specification/2025-11-25",
    "OpenID4VCI": "https://openid.net/specs/openid-4-verifiable-credential-issuance-1_0.html",
    "OpenID4VP": "https://openid.net/specs/openid-4-verifiable-presentations-1_0.html",
    "RFC 9901 SD-JWT": "https://www.rfc-editor.org/rfc/rfc9901.html",
    "W3C DI BBS": "https://www.w3.org/TR/vc-di-bbs/",
    "W3C DID Core": "https://www.w3.org/TR/did-core/",
    "W3C Digital Credentials API": "https://www.w3.org/TR/digital-credentials/",
    "W3C VC Data Integrity": "https://www.w3.org/TR/vc-data-integrity/",
    "W3C VC Data Model 2.0": "https://www.w3.org/TR/vc-data-model-2.0/",
    "W3C VC JOSE/COSE": "https://www.w3.org/TR/vc-jose-cose/"
  }
}
