{
  "bundle": "CoIP_Patents_v0__IP_Front_Bundle_v0.09__20260122T090811Z",
  "generated_utc": "20260122T090811Z",
  "required_files": [
    "BUNDLE_README.md",
    "Bundle_Index_v0.1.md",
    "CHANGELOG.md",
    "IP_Front_Strategy_v0.4.md",
    "Invention_Map_v0.3.md",
    "Invention_Family_Briefs_v0.2.md",
    "Candidate_Inventions_v0.4.md",
    "PriorArt_Log_v0.4.md",
    "PriorArt_SearchPlan_v0.3.md",
    "Provisional_Outline_PortableTrustEnvelope_v0.4.md",
    "Secrecy_Matrix_v0.3.md",
    "Defensive_Publication_Playbook_v0.1.md",
    "Filing_Sequencing_PicketFence_v0.1.md",
    "Counsel_Handoff_Checklist_v0.1.md",
    "Investor_IP_Front_OnePager_v0.1.md",
    "Invention_Disclosure_Template_v0.1.md",
    "web_sources.json",
    "SHA256SUMS.txt",
    "Receipt.json",
    "Counsel_RFP_and_Screening_v0.1.md",
    "Counsel_Engagement_Playbook_v0.1.md",
    "Disclosure_Risk_Rules_v0.1.md",
    "Draft_Claims_Set_v0.1.md",
    "Drawings_List_and_Captions_v0.1.md",
    "Provisional_Skeletons_BCD_v0.1.md",
    "Counsel_Outreach_Email_Templates_v0.1.md",
    "Counsel_DataRoom_Structure_v0.1.md",
    "Invention_Disclosure_Packet_To_Counsel_v0.1.md",
    "Disclosure_Log_Template_v0.1.csv",
    "Patent_Search_QueryPack_v0.1.md",
    "Competitive_Landscape_Anchors_v0.1.md",
    "Provisional_Draft_Text_A_PTE_v0.1.md",
    "Provisional_Draft_Text_D_OpsProvenance_v0.1.md",
    "Openness_and_Licensing_Strategy_Note_v0.1.md",
    "Term_Sanitizer_Glossary_v0.1.md",
    "CoPong_Draft_To_CoPrime__Handoff_Notes_v0.1.md",
    "Invention_Family_OnePagers_v0.1.md",
    "Filing_Cadence_and_PicketFence_v0.1.md",
    "IP_Ownership_and_Assignment_Checklist_v0.1.md",
    "Claim_Ladder_and_Fallbacks_v0.1.md",
    "Provisional_Draft_Text_B_XR_v0.1.md",
    "Provisional_Draft_Text_C_CoAura_v0.1.md",
    "Investor_Diligence_IP_FAQ_v0.1.md",
    "LeakScan_Patterns_v0.1.txt",
    "Leak_Scanner.ps1",
    "Leak_Scanner.sh",
    "Provisional_Bundle_Assembly_Checklist_v0.1.md",
    "Embodiments_Library_v0.1.md",
    "Draft_Claims_Set_v0.2.md",
    "Invention_Family_Risk_Matrix_v0.1.md"
  ],
  "required_headings": {
    "IP_Front_Strategy_v0.4.md": [
      "# IP_Front_Strategy_v0.4",
      "## 1) IP lanes",
      "## 2) What to patent",
      "## 3) Sequencing"
    ],
    "PriorArt_Log_v0.4.md": [
      "# PriorArt_Log_v0.4",
      "## A) Standards / specs",
      "## D) Patent anchors"
    ],
    "Candidate_Inventions_v0.4.md": [
      "# Candidate_Inventions_v0.4",
      "## 1) Portable Trust Envelope",
      "## 10) Privacy Vault Tokenization"
    ],
    "Secrecy_Matrix_v0.3.md": [
      "# Secrecy_Matrix_v0.3"
    ]
  }
}