[
  {
    "title": "C2PA Spec 2.3 (provenance manifests)",
    "url": "https://c2pa.org/specifications/specifications/2.3/specs/C2PA_Specification.html",
    "accessed_utc": "20260122T073037Z"
  },
  {
    "title": "IETF OAUTH WG Draft: SD-JWT VC",
    "url": "https://datatracker.ietf.org/doc/draft-ietf-oauth-sd-jwt-vc/",
    "accessed_utc": "20260122T073037Z"
  },
  {
    "url": "https://datatracker.ietf.org/doc/rfc9901/",
    "title": "RFC 9901 \u2014 Selective Disclosure for JSON Web Tokens (SD-JWT)",
    "accessed_utc": "20260122T085717Z",
    "note": "Primary standards anchor for selective disclosure."
  },
  {
    "title": "Chrome Dev Blog: Digital Credentials API origin trial",
    "url": "https://developer.chrome.com/blog/digital-credentials-api-origin-trial",
    "accessed_utc": "20260122T073037Z"
  },
  {
    "url": "https://developer.chrome.com/blog/digital-credentials-api-shipped",
    "title": "Chrome: Digital Credentials API shipped",
    "accessed_utc": "20260122T085717Z",
    "note": "Implementation/status anchor."
  },
  {
    "url": "https://github.com/sigstore/model-transparency",
    "title": "Sigstore model transparency + transparency log concept",
    "accessed_utc": "20260122T085717Z",
    "note": "Transparency log/provenance anchor."
  },
  {
    "title": "llms-txt-hub (implementations directory)",
    "url": "https://github.com/thedaviddias/llms-txt-hub",
    "accessed_utc": "20260122T073037Z"
  },
  {
    "url": "https://in-toto.io/",
    "title": "in-toto framework",
    "accessed_utc": "20260122T085717Z",
    "note": "Supply-chain integrity baseline."
  },
  {
    "title": "IP.com PAD intro to defensive publishing",
    "url": "https://kb.ip.com/pad/knowledge-base/introduction-to-defensive-publishing-and-the-prior-art-database-pad/",
    "accessed_utc": "20260122T073037Z"
  },
  {
    "url": "https://learn.microsoft.com/en-us/entra/verified-id/decentralized-identifier-overview",
    "title": "Microsoft Learn: Introduction to Entra Verified ID",
    "accessed_utc": "20260122T084814Z",
    "note": "Docs baseline for DID/VC positioning."
  },
  {
    "url": "https://llmstxt.org/",
    "title": "llms.txt proposal",
    "accessed_utc": "20260122T085717Z",
    "note": "AI-facing discovery hint baseline."
  },
  {
    "url": "https://mattr.global/capabilities/credential-verification",
    "title": "MATTR: credential verification capability",
    "accessed_utc": "20260122T084814Z",
    "note": "Baseline verification positioning; OpenID4VP mention."
  },
  {
    "url": "https://modelcontextprotocol.io/specification/2025-11-25",
    "title": "Model Context Protocol (MCP) specification",
    "accessed_utc": "20260122T085717Z",
    "note": "Agent/tool protocol baseline."
  },
  {
    "title": "MCP Versioning",
    "url": "https://modelcontextprotocol.io/specification/versioning",
    "accessed_utc": "20260122T073037Z"
  },
  {
    "url": "https://openid.net/openid-for-verifiable-presentations-1-0-final-specification-approved/",
    "title": "OpenID4VP final approval announcement",
    "accessed_utc": "20260122T085717Z",
    "note": "Status/approval anchor."
  },
  {
    "url": "https://openid.net/specs/openid-4-verifiable-presentations-1_0-final.html",
    "title": "OpenID4VP 1.0 Final specification text",
    "accessed_utc": "20260122T085717Z",
    "note": "Primary standards anchor for presentations."
  },
  {
    "title": "OpenID4VP over BLE 1.0 (draft)",
    "url": "https://openid.net/specs/openid-4-verifiable-presentations-over-ble-1_0.html",
    "accessed_utc": "20260122T073037Z"
  },
  {
    "title": "US10628389B2 Verification of data provenance for existing computer systems",
    "url": "https://patents.google.com/patent/US10628389B2/en",
    "accessed_utc": "20260122T073037Z"
  },
  {
    "title": "US12445288 Multi-issuer anonymous credentials for permissioned blockchain networks",
    "url": "https://patents.google.com/patent/US12445288/en",
    "accessed_utc": "20260122T073037Z"
  },
  {
    "title": "US20160295349A1 Proximity based authentication using bluetooth",
    "url": "https://patents.google.com/patent/US20160295349A1/en",
    "accessed_utc": "20260122T073037Z"
  },
  {
    "title": "US20190370487A1 Consent-driven privacy disclosure control processing",
    "url": "https://patents.google.com/patent/US20190370487A1/en",
    "accessed_utc": "20260122T073037Z"
  },
  {
    "title": "US20230164143A1 Systems and methods for providing verifiable credentials",
    "url": "https://patents.google.com/patent/US20230164143A1/en",
    "accessed_utc": "20260122T073037Z"
  },
  {
    "title": "US20230388287A1 Decentralized attribute-based access control",
    "url": "https://patents.google.com/patent/US20230388287A1/en",
    "accessed_utc": "20260122T073037Z"
  },
  {
    "title": "US8010460B2 Reputation system",
    "url": "https://patents.google.com/patent/US8010460B2/en",
    "accessed_utc": "20260122T073037Z"
  },
  {
    "title": "WO2019139630A1 Proximity-based trust",
    "url": "https://patents.google.com/patent/WO2019139630A1/en",
    "accessed_utc": "20260122T073037Z"
  },
  {
    "title": "US11120005 Reliable workflow system provenance tracking at runtime",
    "url": "https://patents.justia.com/patent/11120005",
    "accessed_utc": "20260122T073037Z"
  },
  {
    "url": "https://slsa.dev/spec/v0.1/provenance",
    "title": "SLSA Provenance spec",
    "accessed_utc": "20260122T085717Z",
    "note": "Provenance baseline."
  },
  {
    "url": "https://spruceid.com/learn/verifiable-credentials",
    "title": "SpruceID: verifiable credentials intro",
    "accessed_utc": "20260122T084814Z",
    "note": "Baseline VC explanation; selective disclosure note."
  },
  {
    "url": "https://spruceid.com/products/issuing-digital-credentials",
    "title": "SpruceID: issuing digital credentials",
    "accessed_utc": "20260122T084814Z",
    "note": "Baseline product positioning."
  },
  {
    "url": "https://trinsic.id/platform/",
    "title": "Trinsic Platform",
    "accessed_utc": "20260122T084814Z",
    "note": "Baseline VC platform reference."
  },
  {
    "url": "https://www.anthropic.com/news/model-context-protocol",
    "title": "Anthropic: Introducing MCP",
    "accessed_utc": "20260122T085717Z",
    "note": "Origin/background anchor."
  },
  {
    "url": "https://www.interac.ca/en/content/news/interac-and-mattr-partner-to-scale-digital-credential-capabilities-for-canadians/",
    "title": "Interac + MATTR partnership news",
    "accessed_utc": "20260122T084814Z",
    "note": "Canadian ecosystem anchor."
  },
  {
    "url": "https://www.microsoft.com/en-ca/security/business/identity-access/microsoft-entra-verified-id",
    "title": "Microsoft Entra Verified ID product page",
    "accessed_utc": "20260122T084814Z",
    "note": "Baseline VC product ecosystem reference."
  },
  {
    "title": "RFC 9901 Selective Disclosure for JSON Web Tokens (SD-JWT)",
    "url": "https://www.rfc-editor.org/rfc/rfc9901.html",
    "accessed_utc": "20260122T073037Z"
  },
  {
    "url": "https://www.trinsic.id/",
    "title": "Trinsic site",
    "accessed_utc": "20260122T084814Z",
    "note": "Baseline acceptance network positioning."
  },
  {
    "url": "https://www.w3.org/TR/digital-credentials/",
    "title": "W3C Digital Credentials API (TR)",
    "accessed_utc": "20260122T085717Z",
    "note": "Browser-mediated credential exchange baseline."
  },
  {
    "url": "https://www.w3.org/TR/vc-data-model-2.0/",
    "title": "W3C Verifiable Credentials Data Model v2.0",
    "accessed_utc": "20260122T085717Z",
    "note": "VC2.0 baseline."
  },
  {
    "title": "W3C Verifiable Credentials Overview (TR)",
    "url": "https://www.w3.org/TR/vc-overview/",
    "accessed_utc": "20260122T073037Z"
  },
  {
    "title": "W3C Blog: Digital Credentials API publication",
    "url": "https://www.w3.org/blog/2025/w3c-digital-credentials-api-publication-the-next-step-to-privacy-preserving-identities-on-the-web/",
    "accessed_utc": "20260122T073037Z"
  },
  {
    "url": "https://www.w3.org/news/2025/the-verifiable-credentials-2-0-family-of-specifications-is-now-a-w3c-recommendation/",
    "title": "W3C news: VC 2.0 family is Recommendation",
    "accessed_utc": "20260122T085717Z",
    "note": "Status anchor."
  },
  {
    "url": "https://www.w3.org/press-releases/2025/verifiable-credentials-2-0/",
    "title": "W3C press release: Verifiable Credentials 2.0",
    "accessed_utc": "20260122T084814Z",
    "note": "Standards anchor (press release)."
  },
  {
    "title": "Wired: TDCommons defensive publication context",
    "url": "https://www.wired.com/story/google-tdcommons-dpub-patents-prior-art",
    "accessed_utc": "20260122T073037Z"
  },
  {
    "title": "W3C VC Data Model v2.0 REC 2025-05-15",
    "url": "https://www.w3.org/TR/2025/REC-vc-data-model-2.0-20250515/",
    "accessed_utc": "20260122T100644Z"
  },
  {
    "title": "W3C DID Core",
    "url": "https://www.w3.org/TR/did-core/",
    "accessed_utc": "20260122T100644Z"
  },
  {
    "title": "OpenID4VCI v1.0 (versioned)",
    "url": "https://openid.net/specs/openid-4-verifiable-credential-issuance-1_0-16.html",
    "accessed_utc": "20260122T100644Z"
  },
  {
    "title": "RFC 6962 Certificate Transparency",
    "url": "https://www.rfc-editor.org/rfc/rfc6962",
    "accessed_utc": "20260122T100644Z"
  },
  {
    "title": "RFC 9162 Binary Transparency",
    "url": "https://www.rfc-editor.org/rfc/rfc9162",
    "accessed_utc": "20260122T100644Z"
  },
  {
    "title": "Sigstore documentation",
    "url": "https://docs.sigstore.dev/",
    "accessed_utc": "20260122T100644Z"
  },
  {
    "title": "SLSA v1.0 Specification",
    "url": "https://slsa.dev/spec/v1.0/",
    "accessed_utc": "20260122T100644Z"
  },
  {
    "title": "in-toto specification docs",
    "url": "https://docs.in-toto.io/specification/",
    "accessed_utc": "20260122T100644Z"
  },
  {
    "title": "TUF specification (latest)",
    "url": "https://theupdateframework.github.io/specification/latest/",
    "accessed_utc": "20260122T100644Z"
  },
  {
    "title": "IETF SCITT architecture draft",
    "url": "https://datatracker.ietf.org/doc/draft-ietf-scitt-architecture/",
    "accessed_utc": "20260122T100644Z"
  },
  {
    "title": "SpruceID DIDKit site",
    "url": "https://www.didkit.dev/",
    "accessed_utc": "20260122T100644Z"
  },
  {
    "title": "W3C VC Data Model v2.0 publication history",
    "url": "https://www.w3.org/standards/history/vc-data-model-2.0/",
    "accessed_utc": "20260122T101542Z"
  },
  {
    "title": "OpenID for Verifiable Presentations 1.0 (spec)",
    "url": "https://openid.net/specs/openid-4-verifiable-presentations-1_0.html",
    "accessed_utc": "20260122T101542Z"
  },
  {
    "title": "IETF draft: Selective Disclosure for JWTs (SD-JWT)",
    "url": "https://datatracker.ietf.org/doc/draft-ietf-oauth-selective-disclosure-jwt/22/",
    "accessed_utc": "20260122T101542Z"
  },
  {
    "title": "Kantara: UMA 2.0 Grant for OAuth 2.0 Authorization",
    "url": "https://docs.kantarainitiative.org/uma/wg/rec-oauth-uma-grant-2.0.html",
    "accessed_utc": "20260122T101542Z"
  },
  {
    "title": "IETF GNAP WG page",
    "url": "https://datatracker.ietf.org/group/gnap/",
    "accessed_utc": "20260122T101542Z"
  },
  {
    "title": "RFC 9767 (GNAP RS connections)",
    "url": "https://www.rfc-editor.org/rfc/rfc9767.html",
    "accessed_utc": "20260122T101542Z"
  },
  {
    "title": "in-toto specs index",
    "url": "https://in-toto.io/docs/specs/",
    "accessed_utc": "20260122T101542Z"
  },
  {
    "title": "NIST SP 800-207 Zero Trust Architecture (PDF)",
    "url": "https://nvlpubs.nist.gov/nistpubs/specialpublications/NIST.SP.800-207.pdf",
    "accessed_utc": "20260122T101542Z"
  },
  {
    "title": "NIST: Proximity-based Authentication for Mobile Devices",
    "url": "https://www.nist.gov/publications/proximity-based-authentication-mobile-devices",
    "accessed_utc": "20260122T101542Z"
  },
  {
    "title": "Patent: EP3497953B1 Proximity-based device authentication",
    "url": "https://patents.google.com/patent/EP3497953B1",
    "accessed_utc": "20260122T101542Z"
  },
  {
    "title": "Patent: US10237734 Social and proximity based access control for mobile devices",
    "url": "https://patents.google.com/patent/US10237734/en",
    "accessed_utc": "20260122T101542Z"
  },
  {
    "title": "Survey: Security and privacy in virtual reality (Springer 2024)",
    "url": "https://link.springer.com/article/10.1007/s10055-024-01079-9",
    "accessed_utc": "20260122T101542Z"
  },
  {
    "title": "U-Prove Technology Overview v1.1 (Microsoft Research PDF)",
    "url": "https://www.microsoft.com/en-us/research/wp-content/uploads/2016/02/U-Prove20Technology20Overview20V1.120Revision202.pdf",
    "accessed_utc": "20260122T101542Z"
  },
  {
    "title": "Paci et al. Minimal credential disclosure in trust negotiations (ACM 2008)",
    "url": "https://dl.acm.org/doi/10.1145/1456424.1456439",
    "accessed_utc": "20260122T101542Z"
  },
  {
    "title": "Frikken et al. Trust negotiation with hidden credentials/policies (NDSS 2006)",
    "url": "https://www.ndss-symposium.org/ndss2006/trust-negotiation-hidden-credentials-hidden-policies-and-policy-cycles/",
    "accessed_utc": "20260122T101542Z"
  },
  {
    "title": "Selective disclosure in digital credentials: a review (SciDirect 2024)",
    "url": "https://www.sciencedirect.com/science/article/pii/S2405959524000614",
    "accessed_utc": "20260122T101542Z"
  }
]