{
  "$schema": "https://json-schema.org/draft/2020-12/schema",
  "title": "CoCivium Rail Manifest",
  "type": "object",
  "required": [
    "manifest_version",
    "generated_utc",
    "items"
  ],
  "properties": {
    "manifest_version": {
      "type": "string"
    },
    "generated_utc": {
      "type": "string"
    },
    "public_key_id": {
      "type": "string"
    },
    "signature": {
      "type": "string",
      "description": "Optional detached signature over canonicalized manifest content"
    },
    "items": {
      "type": "array",
      "items": {
        "type": "object",
        "required": [
          "rail_id",
          "url",
          "sha256"
        ],
        "properties": {
          "rail_id": {
            "type": "string"
          },
          "url": {
            "type": "string"
          },
          "sha256": {
            "type": "string"
          }
        }
      }
    }
  }
}
