{
  "$schema": "https://json-schema.org/draft/2020-12/schema",
  "title": "CoCivium Prompt Receipt",
  "type": "object",
  "required": [
    "receipt_version",
    "created_utc",
    "session_id",
    "rails"
  ],
  "properties": {
    "receipt_version": {
      "type": "string",
      "description": "Schema version, e.g., 0.1"
    },
    "created_utc": {
      "type": "string",
      "description": "UTC timestamp like 20260204T123456Z"
    },
    "session_id": {
      "type": "string",
      "description": "Opaque session/workflow identifier"
    },
    "vendor_model": {
      "type": "string"
    },
    "client": {
      "type": "string",
      "description": "Injector/client name+version"
    },
    "rails": {
      "type": "array",
      "items": {
        "type": "object",
        "required": [
          "rail_id",
          "source_url",
          "content_hash",
          "applied_at",
          "verification_state"
        ],
        "properties": {
          "rail_id": {
            "type": "string"
          },
          "source_url": {
            "type": "string"
          },
          "content_hash": {
            "type": "string",
            "description": "sha256:<hex> preferred"
          },
          "applied_at": {
            "type": "string",
            "description": "Injection point label, e.g., system, tool_preamble, wrapper"
          },
          "verification_state": {
            "type": "string",
            "enum": [
              "verified",
              "unverified",
              "failed"
            ]
          },
          "verification_notes": {
            "type": "string"
          }
        }
      }
    },
    "notes": {
      "type": "string"
    }
  }
}
