[
  {
    "title": "Model Context Protocol (MCP) Specification (2025-11-25)",
    "url": "https://modelcontextprotocol.io/specification/2025-11-25",
    "accessed_utc": "20260122T073037Z"
  },
  {
    "title": "MCP Versioning",
    "url": "https://modelcontextprotocol.io/specification/versioning",
    "accessed_utc": "20260122T073037Z"
  },
  {
    "title": "llms.txt spec overview",
    "url": "https://llmstxt.org/",
    "accessed_utc": "20260122T073037Z"
  },
  {
    "title": "llms-txt-hub (implementations directory)",
    "url": "https://github.com/thedaviddias/llms-txt-hub",
    "accessed_utc": "20260122T073037Z"
  },
  {
    "title": "W3C Verifiable Credentials Data Model v2.0 (TR)",
    "url": "https://www.w3.org/TR/vc-data-model-2.0/",
    "accessed_utc": "20260122T073037Z"
  },
  {
    "title": "W3C Verifiable Credentials Overview (TR)",
    "url": "https://www.w3.org/TR/vc-overview/",
    "accessed_utc": "20260122T073037Z"
  },
  {
    "title": "W3C Digital Credentials API (TR)",
    "url": "https://www.w3.org/TR/digital-credentials/",
    "accessed_utc": "20260122T073037Z"
  },
  {
    "title": "W3C Blog: Digital Credentials API publication",
    "url": "https://www.w3.org/blog/2025/w3c-digital-credentials-api-publication-the-next-step-to-privacy-preserving-identities-on-the-web/",
    "accessed_utc": "20260122T073037Z"
  },
  {
    "title": "Chrome Dev Blog: Digital Credentials API origin trial",
    "url": "https://developer.chrome.com/blog/digital-credentials-api-origin-trial",
    "accessed_utc": "20260122T073037Z"
  },
  {
    "title": "OpenID4VP 1.0 Final Spec",
    "url": "https://openid.net/specs/openid-4-verifiable-presentations-1_0-final.html",
    "accessed_utc": "20260122T073037Z"
  },
  {
    "title": "OpenID4VP over BLE 1.0 (draft)",
    "url": "https://openid.net/specs/openid-4-verifiable-presentations-over-ble-1_0.html",
    "accessed_utc": "20260122T073037Z"
  },
  {
    "title": "RFC 9901 Selective Disclosure for JSON Web Tokens (SD-JWT)",
    "url": "https://www.rfc-editor.org/rfc/rfc9901.html",
    "accessed_utc": "20260122T073037Z"
  },
  {
    "title": "IETF OAUTH WG Draft: SD-JWT VC",
    "url": "https://datatracker.ietf.org/doc/draft-ietf-oauth-sd-jwt-vc/",
    "accessed_utc": "20260122T073037Z"
  },
  {
    "title": "US20160295349A1 Proximity based authentication using bluetooth",
    "url": "https://patents.google.com/patent/US20160295349A1/en",
    "accessed_utc": "20260122T073037Z"
  },
  {
    "title": "WO2019139630A1 Proximity-based trust",
    "url": "https://patents.google.com/patent/WO2019139630A1/en",
    "accessed_utc": "20260122T073037Z"
  },
  {
    "title": "US20230388287A1 Decentralized attribute-based access control",
    "url": "https://patents.google.com/patent/US20230388287A1/en",
    "accessed_utc": "20260122T073037Z"
  },
  {
    "title": "US20230164143A1 Systems and methods for providing verifiable credentials",
    "url": "https://patents.google.com/patent/US20230164143A1/en",
    "accessed_utc": "20260122T073037Z"
  },
  {
    "title": "US20190370487A1 Consent-driven privacy disclosure control processing",
    "url": "https://patents.google.com/patent/US20190370487A1/en",
    "accessed_utc": "20260122T073037Z"
  },
  {
    "title": "US12445288 Multi-issuer anonymous credentials for permissioned blockchain networks",
    "url": "https://patents.google.com/patent/US12445288/en",
    "accessed_utc": "20260122T073037Z"
  },
  {
    "title": "US10628389B2 Verification of data provenance for existing computer systems",
    "url": "https://patents.google.com/patent/US10628389B2/en",
    "accessed_utc": "20260122T073037Z"
  },
  {
    "title": "US11120005 Reliable workflow system provenance tracking at runtime",
    "url": "https://patents.justia.com/patent/11120005",
    "accessed_utc": "20260122T073037Z"
  },
  {
    "title": "US8010460B2 Reputation system",
    "url": "https://patents.google.com/patent/US8010460B2/en",
    "accessed_utc": "20260122T073037Z"
  },
  {
    "title": "C2PA Spec 2.3 (provenance manifests)",
    "url": "https://c2pa.org/specifications/specifications/2.3/specs/C2PA_Specification.html",
    "accessed_utc": "20260122T073037Z"
  },
  {
    "title": "IP.com PAD intro to defensive publishing",
    "url": "https://kb.ip.com/pad/knowledge-base/introduction-to-defensive-publishing-and-the-prior-art-database-pad/",
    "accessed_utc": "20260122T073037Z"
  },
  {
    "title": "Wired: TDCommons defensive publication context",
    "url": "https://www.wired.com/story/google-tdcommons-dpub-patents-prior-art",
    "accessed_utc": "20260122T073037Z"
  }
]