{
  "bundle": "CoIP_Patents_v0__IP_Front_Bundle_v0.05__20260122T073156Z",
  "generated_utc": "20260122T073156Z",
  "required_files": [
    "BUNDLE_README.md",
    "Bundle_Index_v0.1.md",
    "CHANGELOG.md",
    "IP_Front_Strategy_v0.4.md",
    "Invention_Map_v0.3.md",
    "Invention_Family_Briefs_v0.2.md",
    "Candidate_Inventions_v0.4.md",
    "PriorArt_Log_v0.4.md",
    "PriorArt_SearchPlan_v0.3.md",
    "Provisional_Outline_PortableTrustEnvelope_v0.4.md",
    "Secrecy_Matrix_v0.3.md",
    "Defensive_Publication_Playbook_v0.1.md",
    "Filing_Sequencing_PicketFence_v0.1.md",
    "Counsel_Handoff_Checklist_v0.1.md",
    "Investor_IP_Front_OnePager_v0.1.md",
    "Invention_Disclosure_Template_v0.1.md",
    "web_sources.json",
    "SHA256SUMS.txt",
    "Receipt.json"
  ],
  "required_headings": {
    "IP_Front_Strategy_v0.4.md": [
      "# IP_Front_Strategy_v0.4",
      "## 1) IP lanes",
      "## 2) What to patent",
      "## 3) Sequencing"
    ],
    "PriorArt_Log_v0.4.md": [
      "# PriorArt_Log_v0.4",
      "## A) Standards / specs",
      "## D) Patent anchors"
    ],
    "Candidate_Inventions_v0.4.md": [
      "# Candidate_Inventions_v0.4",
      "## 1) Portable Trust Envelope",
      "## 10) Privacy Vault Tokenization"
    ],
    "Secrecy_Matrix_v0.3.md": [
      "# Secrecy_Matrix_v0.3"
    ]
  }
}