{
  "bundle": "CoIP_Patents_v0__IP_Front_Bundle_v0.08__20260122T085717Z",
  "generated_utc": "20260122T085717Z",
  "files": [
    {
      "path": "BUNDLE_README.md",
      "sha256": "105d7e7b36ec5ad0add3cd160febe1477c14b26b37cc8e0e338e24643855a622",
      "bytes": 2615
    },
    {
      "path": "CHANGELOG.md",
      "sha256": "4089fc1518001163d965342f9b8b6fafb58ca5fe05817266fa6b6968a0f10fc3",
      "bytes": 3148
    },
    {
      "path": "Candidate_Inventions_v0.3.md",
      "sha256": "b83d48a8e764e843816e18cacd278900cedef9447f9561a36ded8e831cdc9e0e",
      "bytes": 11067
    },
    {
      "path": "Claim_Term_Glossary_v0.1.md",
      "sha256": "fea18d886eb987fe16f8425df1bbc0c189b4764a09a34bc01e9c0e02ab3141a1",
      "bytes": 1379
    },
    {
      "path": "CoPong_To_CoPrime_DRAFT_DO_NOT_SEND_YET.md",
      "sha256": "025a01e5c433526f025e5f5fd13599b24997e9aef28aaf74ef04069cebfbf856",
      "bytes": 1153
    },
    {
      "path": "Counsel_Handoff_Checklist_v0.1.md",
      "sha256": "880fe9880485568e6bc2037da06eaa05823f5e4589fa3c6bbc0f4759f835e1db",
      "bytes": 1286
    },
    {
      "path": "Defensive_Publication_Playbook_v0.1.md",
      "sha256": "13d6243060fa22346434a013688258fa05474e32354388ef792eaa37b0a2539f",
      "bytes": 1145
    },
    {
      "path": "Filing_Sequencing_PicketFence_v0.1.md",
      "sha256": "a7e3260bd751c8c94291fd8daa4afbb0cf36f49b8a05ee2ba2b2071d081fede2",
      "bytes": 1122
    },
    {
      "path": "IP_Front_Strategy_v0.3.md",
      "sha256": "7756c943889e065f564de3d0212c9b19a6fcf11fc520e4e4a4a0f30ccf4827b2",
      "bytes": 5454
    },
    {
      "path": "Invention_Family_Briefs_v0.1.md",
      "sha256": "b2756ca44816209d723cd494173d7390290ef5372a52c415384628951cd7ca0b",
      "bytes": 6133
    },
    {
      "path": "Invention_Map_v0.2.md",
      "sha256": "2624771bf8808404955d523606c24ad0810837d8567f560b25a13db0fb725e8f",
      "bytes": 2158
    },
    {
      "path": "Naming_Options_v0.2.md",
      "sha256": "8e57d2a220b8ba1997cd5eb20890edbd41b4fcc848e80544a5552f1388194022",
      "bytes": 989
    },
    {
      "path": "PriorArt_Log_v0.3.md",
      "sha256": "73c7d23a4dbabb1b7317fe8a00a6265f5db5423b45d971705f3d4adaa04008db",
      "bytes": 4606
    },
    {
      "path": "PriorArt_SearchPlan_v0.2.md",
      "sha256": "61e8f99d2144ae87d5b3da972e6d93e1240fb9ea5535fccb34177c351fc18f27",
      "bytes": 2720
    },
    {
      "path": "Provisional_Outline_PortableTrustEnvelope_v0.3.md",
      "sha256": "0e7fa3e2ed77b60813edac1e459c56aa2ef5b9df100dfb38fdef079310e26490",
      "bytes": 3484
    },
    {
      "path": "Receipt.json",
      "sha256": "463bf1d5af96d3b88327a53c4990f773372df349fdb9bc540500ab33c0dbe30c",
      "bytes": 8437
    },
    {
      "path": "SHA256SUMS.txt",
      "sha256": "ddfea7ab64a49c69e9c4992384feba708827cca4e11e8ca5d936cf7ef00f15ec",
      "bytes": 4819
    },
    {
      "path": "Secrecy_Matrix_v0.2.md",
      "sha256": "c482527a82959b1add45962780b97c6b8bd83f8b4d16cb52a6c8680f719ff955",
      "bytes": 1039
    },
    {
      "path": "web_sources.json",
      "sha256": "c660fa88c64c6900ea80b41f1a26c566999010ca29cb20dfb03c4c1110780403",
      "bytes": 8689
    },
    {
      "path": "Bundle_Index_v0.1.md",
      "sha256": "9205769ab328ec89ba7a95a38bc7b1de726d132c794c592aaecb155d9bea8dc2",
      "bytes": 2583
    },
    {
      "path": "Investor_IP_Front_OnePager_v0.1.md",
      "sha256": "dcabe98840fd19cc0ea63b0499fa597aa8f08d4b5877f4a7641d7f1d155565f6",
      "bytes": 2367
    },
    {
      "path": "Invention_Disclosure_Template_v0.1.md",
      "sha256": "b6c57b079a4c5af6b5ae19eaf80c2032ed61dceb940018ea9e3594fac8a2df0c",
      "bytes": 1483
    },
    {
      "path": "PriorArt_Log_v0.4.md",
      "sha256": "4c0205462c167f4cfad922719b7db9f36949ebaa3a9fde81df30537a8a41f479",
      "bytes": 5537
    },
    {
      "path": "PriorArt_SearchPlan_v0.3.md",
      "sha256": "944551f9a583f26600d39d45f81b5b47cd3a9c4079530310bf4ee4b1ef851601",
      "bytes": 3364
    },
    {
      "path": "Invention_Map_v0.3.md",
      "sha256": "621acff98a215ffd636c1e17043ec83ac2f1a4d1a859e07b466308cb23357f86",
      "bytes": 1713
    },
    {
      "path": "Invention_Family_Briefs_v0.2.md",
      "sha256": "ec5d8e5b9304bfd1a008444d6c46c1d4090ffecbabf024f9be2edc455e0f2ece",
      "bytes": 3391
    },
    {
      "path": "IP_Front_Strategy_v0.4.md",
      "sha256": "9dc3508ac31881184d834cce5c9bb4ae076bdeff7904e2068872a3b80489e1d8",
      "bytes": 3493
    },
    {
      "path": "Provisional_Outline_PortableTrustEnvelope_v0.4.md",
      "sha256": "6e3dd5134b7737f4a40eb265502b8fc0e4248529c593d4e88065e5969590fc41",
      "bytes": 3334
    },
    {
      "path": "Candidate_Inventions_v0.4.md",
      "sha256": "99b95c29a6dca39cee954ac33ff07f826bdc89183f5d66966961d39ce5f9b0e2",
      "bytes": 7025
    },
    {
      "path": "Secrecy_Matrix_v0.3.md",
      "sha256": "53d98bcad22a6dec39fd419b42ba58e2702d8383b2621067c627c013403c2795",
      "bytes": 1016
    },
    {
      "path": "ThemeLock_v0.1.json",
      "sha256": "44e0c711fc319a9ad4d9e47a050b37abbbb8b252d9bf8d4379c681bd4501f634",
      "bytes": 2388
    },
    {
      "path": "Verify_Bundle.ps1",
      "sha256": "5b0f1ba915e3f57fd30d0b121027796b7bb50bfc473d76f9bb1d5591d0da7ad2",
      "bytes": 2573
    },
    {
      "path": "Verify_Bundle.sh",
      "sha256": "517e7ba4940084b2324e13072c2aba687f8303d392e742fcaae69e2c9307d535",
      "bytes": 1308
    },
    {
      "path": "Counsel_RFP_and_Screening_v0.1.md",
      "sha256": "ce7416c8dfeff733a5af57922904b132dc52a4442331da284979e6c91d843585",
      "bytes": 2165
    },
    {
      "path": "Counsel_Engagement_Playbook_v0.1.md",
      "sha256": "6491f4dbba04ce400c6be9f161fce4b2f4db81ebd9603b5bfdf4cec36a176dfa",
      "bytes": 1130
    },
    {
      "path": "Disclosure_Risk_Rules_v0.1.md",
      "sha256": "579c743de51de004de7ffc27a195ae5c64f547b1a07e436ed64b4216dd858110",
      "bytes": 859
    },
    {
      "path": "Draft_Claims_Set_v0.1.md",
      "sha256": "21800f1de54eeaf7337dd0a2f0125cfb065e350c90db7ae25f5dde0c05aaf24f",
      "bytes": 1969
    },
    {
      "path": "Drawings_List_and_Captions_v0.1.md",
      "sha256": "8a6cd3da17ffbec1d5e9ccfda43b19bab49d93fee72e261d7be51faa9d296b33",
      "bytes": 936
    },
    {
      "path": "Provisional_Skeletons_BCD_v0.1.md",
      "sha256": "23a908ec25f49e1e115d230a7571a0cffa2899bdc13d1d2debabd1e286463dec",
      "bytes": 1164
    },
    {
      "path": "Counsel_Outreach_Email_Templates_v0.1.md",
      "sha256": "628571a15e13d9b326a295e963c63bd30eff76da7a413bc43c00459de8ad8e58",
      "bytes": 2223
    },
    {
      "path": "Counsel_DataRoom_Structure_v0.1.md",
      "sha256": "01cca75e204158e159468e2de4a850bc9a1a97ed421fd4157f6fcee98e712bf0",
      "bytes": 891
    },
    {
      "path": "Invention_Disclosure_Packet_To_Counsel_v0.1.md",
      "sha256": "896a14230eb8fcd849f8b8acec1f3f186f271b3e21b840026c970d2fa5017602",
      "bytes": 843
    },
    {
      "path": "Disclosure_Log_Template_v0.1.csv",
      "sha256": "c4ebcb7d3c3f063f524614ac92938b260072a18a5d2b1688c9d7c48c7f7451ef",
      "bytes": 128
    },
    {
      "path": "Patent_Search_QueryPack_v0.1.md",
      "sha256": "a5d37fb63f5abf604a8d47b34cbb1b6ddfaa9c34f0089329d5e6902322e74c5f",
      "bytes": 1706
    },
    {
      "path": "Competitive_Landscape_Anchors_v0.1.md",
      "sha256": "c3f62bf9935cf1e5044869fbc7c76e6be77976cd0f46a71fef409d55a75e86f4",
      "bytes": 1146
    },
    {
      "path": "Provisional_Draft_Text_A_PTE_v0.1.md",
      "sha256": "6bcdf3f06c1326c4f056e679d67f96949697c60c465b9242a6e581bf615fd441",
      "bytes": 2523
    },
    {
      "path": "Provisional_Draft_Text_D_OpsProvenance_v0.1.md",
      "sha256": "594dc0d8c3ab0aa582e6a29b123f54d634c2e3bf092ad7c2c8e8caf00912028b",
      "bytes": 1598
    },
    {
      "path": "Openness_and_Licensing_Strategy_Note_v0.1.md",
      "sha256": "7ec4f1e6009bbeb6162c5f489f32144ff048c7c2b3ee1f9fa7f0d4ea0ec1c2b7",
      "bytes": 908
    },
    {
      "path": "Term_Sanitizer_Glossary_v0.1.md",
      "sha256": "38f23521e69434b7cb5339006dc73f6eadff797ef1aa751c02842f769429e9a0",
      "bytes": 610
    },
    {
      "path": "CoPong_Draft_To_CoPrime__Handoff_Notes_v0.1.md",
      "sha256": "197ffc827df9d760f88671730331a07363a92a35d9209387421b5394b7aee377",
      "bytes": 1009
    },
    {
      "path": "Invention_Family_OnePagers_v0.1.md",
      "sha256": "f1a3e0e13bd7ae3084c6905d0ffcb783a2bb1d59a51deed9206134d8fab344fd",
      "bytes": 3259
    },
    {
      "path": "Filing_Cadence_and_PicketFence_v0.1.md",
      "sha256": "7f423d405f5c07951ac2a866fa3ccee16814c8a0f4b71f68be682d5ba19b8320",
      "bytes": 1109
    },
    {
      "path": "IP_Ownership_and_Assignment_Checklist_v0.1.md",
      "sha256": "91764ad3add2dc0e2c829073ffe1a8aaf2b2aac675083fadc5f07e362d4a0ee8",
      "bytes": 836
    },
    {
      "path": "Claim_Ladder_and_Fallbacks_v0.1.md",
      "sha256": "e77f26fd9f843c28b3de0381688973a930894afaf77c0b43f251f6f29d4c6a4d",
      "bytes": 1649
    },
    {
      "path": "Provisional_Draft_Text_B_XR_v0.1.md",
      "sha256": "fb402411c3fc3881a46c350a1eecb43ce9800b805e254c61097db8b636aa9c12",
      "bytes": 1511
    },
    {
      "path": "Provisional_Draft_Text_C_CoAura_v0.1.md",
      "sha256": "1f99797948b767b0dafa791bfb906f2b8b31d7a4f5adc8c0c6a58568942fed59",
      "bytes": 1484
    },
    {
      "path": "Investor_Diligence_IP_FAQ_v0.1.md",
      "sha256": "5e31064d4948a1f4b8e71fab6c3b76731160f0cb88425aa04319f50b9f0a9aee",
      "bytes": 1145
    }
  ],
  "notes": "Top-level file hashes (archive excluded). Use bundle zip sha for full integrity."
}