{
  "schema_version": "0.1",
  "type": "CoSession",
  "id_pattern": "<Label>|<Class>|<YYMMDD>",
  "required": [
    "label",
    "class",
    "intent",
    "wave_cap",
    "handoff_contract"
  ],
  "fields": {
    "label": {
      "type": "string"
    },
    "class": {
      "type": "string",
      "enum": [
        "CoPrime",
        "CoWorker",
        "CoAudit",
        "CoCarry",
        "CoHalo",
        "Other"
      ]
    },
    "intent": {
      "type": "string"
    },
    "wave_cap": {
      "type": "integer",
      "default": 32
    },
    "handoff_contract": {
      "type": "object",
      "properties": {
        "must_return": {
          "type": "array",
          "items": {
            "type": "string"
          },
          "default": [
            "raw_pointers",
            "sha256",
            "receipt_note"
          ]
        },
        "must_be": {
          "type": "array",
          "items": {
            "type": "string"
          },
          "default": [
            "pointer-safe",
            "fail-closed",
            "reversible_when_possible"
          ]
        }
      }
    }
  }
}