{
  "schema_version": "0.1",
  "type": "CoTask",
  "id_pattern": "CoTask__<name>__<version>__<UTC>",
  "required": [
    "id",
    "intent",
    "scope",
    "inputs",
    "outputs",
    "owner",
    "status",
    "pointers"
  ],
  "fields": {
    "id": {
      "type": "string"
    },
    "intent": {
      "type": "string"
    },
    "scope": {
      "type": "array",
      "items": {
        "type": "string"
      }
    },
    "inputs": {
      "type": "array",
      "items": {
        "type": "string"
      }
    },
    "outputs": {
      "type": "array",
      "items": {
        "type": "string"
      }
    },
    "owner": {
      "type": "string"
    },
    "status": {
      "type": "string",
      "enum": [
        "planned",
        "doing",
        "done",
        "blocked"
      ]
    },
    "pointers": {
      "type": "array",
      "items": {
        "type": "string"
      }
    },
    "constraints": {
      "type": "object"
    },
    "notes": {
      "type": "string"
    }
  }
}